{"cameraMode":{"drawMode":0,"name":"Shaded","section":"Shading Mode"},"sceneLighting":true,"audioPlay":false,"sceneViewState":{"m_AlwaysRefresh":true,"showFog":true,"showSkybox":true,"showFlares":true,"showImageEffects":true,"showParticleSystems":true,"showVisualEffectGraphs":true,"m_FxEnabled":true},"in2DMode":false,"pivot":{"x":-24.227581024169923,"y":3.328481674194336,"z":7.344208240509033},"rotation":{"x":-0.006270733196288347,"y":-0.8007104396820068,"z":-0.008421886712312699,"w":0.599025309085846},"size":21.835121154785158,"orthographic":false}