{"cameraMode":{"drawMode":0,"name":"Shaded","section":"Shading Mode"},"sceneLighting":true,"audioPlay":false,"sceneViewState":{"m_AlwaysRefresh":true,"showFog":true,"showSkybox":true,"showFlares":true,"showImageEffects":true,"showParticleSystems":true,"showVisualEffectGraphs":true,"m_FxEnabled":true},"in2DMode":false,"pivot":{"x":7.3760833740234379,"y":5.109984397888184,"z":72.95147705078125},"rotation":{"x":-0.014804190956056118,"y":0.16127842664718629,"z":0.0024146612267941238,"w":0.9868224859237671},"size":37.744361877441409,"orthographic":false}