{"cameraMode":{"drawMode":0,"name":"Shaded","section":"Shading Mode"},"sceneLighting":false,"audioPlay":false,"sceneViewState":{"m_AlwaysRefresh":false,"showFog":true,"showSkybox":false,"showFlares":true,"showImageEffects":true,"showParticleSystems":true,"showVisualEffectGraphs":true,"m_FxEnabled":true},"in2DMode":false,"pivot":{"x":-4.204881191253662,"y":1.6069200038909913,"z":-1.4891822338104249},"rotation":{"x":0.004228926729410887,"y":0.9911953806877136,"z":-0.14309066534042359,"w":0.02002311311662197},"size":3.6142079830169679,"orthographic":false}